Humidity,Mean_Avg_Distance
0-8,2.3582108626198104
8-16,1.926
16-24,1.9441176470588233
