Humidity,Mean_Avg_Distance
0,2.3769965870307184
1,1.8906666666666672
2,2.112592592592592
