Beaufort_Scale_force,1,2,3,4,5,6
Avg_Distance,2.403761468,2.276390977,2.341285714,2.166923077,1.865833333,1.51
Avg_Wind_Speed,2.976146789,5.583458647,9.96,15.18461538,20.20833333,26.75
