Beaufort_Scale_force,Avg_Distance,Avg_Wind_Speed
1,2.403761467889909,2.976146788990826
2,2.276390977443609,5.583458646616542
3,2.3412857142857146,9.959999999999997
4,2.1669230769230765,15.184615384615382
5,1.8658333333333335,20.208333333333332
6,1.51,26.75
